,puma,Total_geo,Total_geo_m,Total_geo_f,Total_Avg_PINCP_mf_t,Total_Avg_PINCP_m,Total_Avg_PINCP_f,Total_BABS,Total_BABS_m,Total_BABS_f,BABS_Avg_PINCP_mf_t,BABS_Avg_PINCP_m,BABS_Avg_PINCP_f,Total_HS,Total_HS_m,Total_HS_f,HS_Avg_PINCP_mf_t,HS_Avg_PINCP_m,HS_Avg_PINCP_f,Total_HSINC,Total_HSINC_m,Total_HSINC_f,HSINC_Avg_PINCP_mf_t,HSINC_Avg_PINCP_m,HSINC_Avg_PINCP_f
0,Total Geo,866355,503495,362860,64012.49854389944,65940.03788716868,61337.8956071212,372476,192316,180160,91242.14683899097,98283.31816385532,83725.88404751332,384019,235459,148560,44856.07027256464,47507.07630627837,40654.37917339795,109860,75720,34140,38653.33187693428,41112.732171156895,33198.56356180434
1,"NYC-Manhattan Community District 9--Hamilton Heights, Manhattanville & West Harlem PUMA",14061,9041,5020,55060.18206386459,54310.60944585776,56410.1593625498,6095,2986,3109,74328.81378178835,87172.84661754857,61992.92376970087,7114,5203,1911,41229.06944053978,38989.16009994234,47327.577184720045,852,852,0,32703.63849765258,32703.63849765258,0.0
2,Ulster County (East) PUMA,1746,682,1064,27422.73768613975,20895.60117302053,31606.484962406015,567,292,275,34821.51675485009,26071.23287671233,44112.72727272727,1096,307,789,22263.9598540146,9456.026058631922,27247.528517110266,83,83,0,45000.0,45000.0,0.0
3,Albany County (East Central)--Albany City PUMA,3399,1879,1520,41982.37716975581,35305.854177754125,50235.78947368421,1329,453,876,45182.54326561324,27386.313465783664,54385.38812785388,1814,1170,644,39778.11466372657,37128.80341880342,44591.30434782609,256,256,0,40988.28125,40988.28125,0.0
4,Chemung (South) & Steuben (East) Counties--Greater Elmira & Greater Corning Cities PUMA,1201,374,827,66464.36303080765,64030.74866310161,67564.93349455865,638,210,428,102018.33855799373,104664.28571428571,100720.09345794392,164,164,0,12000.0,12000.0,0.0,399,0,399,32000.0,0.0,32000.0
5,Ontario & Yates Counties PUMA,281,133,148,36236.65480427046,50000.0,23868.243243243243,160,133,27,46625.0,50000.0,30000.0,121,0,121,22500.0,0.0,22500.0,0,0,0,#DIV/0!,0.0,0.0
6,Suffolk County (North Central)--Brookhaven Town (North) PUMA,1433,901,532,73872.01674808095,68830.29966703663,82410.71428571429,958,856,102,75553.34029227558,71923.0140186916,106019.60784313726,442,45,397,72719.45701357466,10000.0,79828.71536523929,33,0,33,40500.0,0.0,40500.0
7,Westchester County (South Central)--New Rochelle & Mount Vernon Cities PUMA,11915,6864,5051,93567.38396978598,108191.58653846153,73693.98732924173,4792,2776,2016,161161.0141903172,188077.68371757926,124097.1875,5570,2955,2615,47677.558348294435,53079.0524534687,41573.76673040153,1553,1133,420,49586.47778493239,56200.17652250662,31745.238095238095
8,"Clinton, Franklin, Essex & Hamilton Counties PUMA",293,110,183,58848.1228668942,68272.72727272728,53183.06010928962,177,110,67,77937.85310734464,68272.72727272728,93805.97014925373,15,0,15,15500.0,0.0,15500.0,101,0,101,31831.68316831683,0.0,31831.68316831683
9,Oneida County (Central)--Greater Utica & Rome Cities PUMA,1622,1192,430,60832.05918618989,45627.18120805369,102981.3953488372,836,406,430,87403.11004784689,70903.9408866995,102981.3953488372,432,432,0,29827.777777777777,29827.777777777777,0.0,354,354,0,35918.0790960452,35918.0790960452,0.0
10,"NYC-Bronx Community District 3 & 6--Belmont, Crotona Park East & East Tremont PUMA",12189,7522,4667,37651.61210927886,35802.91145971816,40631.2406256696,2498,1353,1145,50045.396317053644,50769.69696969697,49189.51965065502,7112,4612,2500,33095.613048368956,31711.925411968776,35648.24,2579,1557,1022,38210.97324544397,34915.028901734106,43232.28962818004
11,Livingston & Wyoming Counties PUMA,686,508,178,43505.83090379009,32226.377952755905,75696.62921348315,607,487,120,44421.74629324547,32106.77618069815,94400.0,58,0,58,37000.0,0.0,37000.0,21,21,0,35000.0,35000.0,0.0
12,NYC-Manhattan Community District 3--Chinatown & Lower East Side PUMA,4018,2021,1997,52368.15331010453,63291.538842157344,41313.49023535303,1913,1002,911,54835.148980658654,53106.1876247505,56736.81668496158,1929,1019,910,52966.09642301711,73306.96761530913,30188.79120879121,176,0,176,19000.0,0.0,19000.0
13,Suffolk County (West Central)--Babylon Town (Northwest) PUMA,6356,4751,1605,52324.82064191315,55504.75689328562,42911.81308411215,1448,764,684,76379.2817679558,104176.96335078534,45330.40935672515,4055,3485,570,48315.35388409371,47600.08608321378,52688.52631578947,853,502,351,30551.699882766705,36305.97609561753,22321.937321937323
14,Broome County (West Central)--Greater Binghamton City & Greater Johnson City Village PUMA,1497,1039,458,49934.73613894456,49497.882579403275,50925.76419213974,781,731,50,67844.55825864276,64277.15458276334,120000.0,408,0,408,42460.78431372549,0.0,42460.78431372549,308,308,0,14421.103896103896,14421.103896103896,0.0
15,Nassau County (Northwest)--North Hempstead Town (North) PUMA,6494,3938,2556,119531.3119802895,141288.05231081767,86010.95070422535,4477,2863,1614,155760.27473754747,172986.7272092211,125203.06691449814,1364,712,652,40237.23607038123,58685.88483146067,20090.85889570552,653,363,290,36774.88514548239,53297.520661157025,16093.103448275862
16,Monroe County (Central)--Rochester City (East) PUMA,800,296,504,34252.0,29641.891891891893,36959.52380952381,377,276,101,37363.39522546419,29615.942028985508,58534.653465346535,117,20,97,48239.31623931624,30000.0,52000.0,306,0,306,25070.58823529412,0.0,25070.58823529412
17,Westchester County (Northwest) PUMA,6652,3751,2901,54602.690920024055,61615.8357771261,45534.677697345745,2610,1669,941,87025.67049808429,86022.16896345117,88805.52603613178,3199,1641,1558,33341.85683025946,42150.88360755637,24063.54300385109,843,441,402,34898.57651245552,41678.91156462585,27460.44776119403
18,NYC-Brooklyn Community District 16--Brownsville & Ocean Hill PUMA,4367,2834,1533,57791.252576139224,65088.28510938603,44301.50032615786,1389,843,546,68285.24118070555,75682.08778173191,56864.83516483517,2758,1771,987,54349.60116026106,63822.81197063806,37351.5704154002,220,220,0,34681.818181818184,34681.818181818184,0.0
19,Onondaga County (Central)--Syracuse City PUMA,2421,1596,825,35513.42420487402,37385.58897243108,31891.636363636364,1578,883,695,40898.41571609632,46553.454133635336,33713.6690647482,732,646,86,23391.39344262295,23137.61609907121,25297.674418604653,111,67,44,38899.0990990991,53937.31343283582,16000.0
20,Westchester County (Northeast) PUMA,3934,2910,1024,72563.92475851551,72770.47422680413,71976.953125,1537,876,661,94304.21600520494,93171.89497716895,95804.84114977307,1455,1232,223,56635.051546391755,61305.194805194806,30834.08071748879,942,802,140,61695.2229299363,68099.12718204489,25010.0
21,Madison & Cortland Counties PUMA,197,42,155,31451.776649746193,65000.0,22361.290322580644,117,42,75,42564.10256410256,65000.0,30000.0,0,0,0,#DIV/0!,0.0,0.0,80,0,80,15200.0,0.0,15200.0
22,Erie County (West Central)--Buffalo City (West) PUMA,2770,1209,1561,40225.40072202166,54970.63688999173,28805.163356822548,909,387,522,76822.77227722772,117607.23514211887,46586.0153256705,905,630,275,26466.519337016576,28248.73015873016,22383.636363636364,956,192,764,18452.15481171548,16400.0,18967.879581151832
23,Monroe County (Central)--Rochester City (West) PUMA,1101,1020,81,36991.82561307902,39373.529411764706,7000.0,159,159,0,38083.018867924526,38083.018867924526,0.0,716,635,81,35294.41340782123,38903.62204724409,7000.0,226,226,0,41601.76991150442,41601.76991150442,0.0
24,Suffolk County (Central)--Islip Town (East) PUMA,1993,1024,969,58573.30657300552,80931.54296875,34946.02683178535,1143,588,555,54860.80489938758,76700.51020408163,31722.522522522522,689,436,253,69983.4542815675,86637.61467889909,41283.00395256917,161,0,161,36100.0,0.0,36100.0
25,Nassau County (Central)--Hempstead Town (East Central) PUMA,1972,1315,657,89908.24036511156,111525.89353612167,46640.030441400304,1170,902,268,134416.28205128206,148925.22172949003,85583.95522388059,715,326,389,22176.223776223775,25000.0,19809.768637532135,87,87,0,48000.0,48000.0,0.0
26,"NYC-Bronx Community District 5--Morris Heights, Fordham South & Mount Hope PUMA",10994,6568,4426,37034.48972166637,38796.61997563946,34419.561680976054,2513,1470,1043,40732.821329088736,38505.44217687075,43872.08053691275,5644,3388,2256,36652.30333097094,38973.78984651712,33165.95744680851,2837,1710,1127,34518.85794853719,38695.90643274854,28181.0115350488
27,St. Lawrence County PUMA,320,174,146,24921.5625,44293.10344827586,1834.9315068493152,174,174,0,44293.10344827586,44293.10344827586,0.0,146,0,146,1834.9315068493152,0.0,1834.9315068493152,0,0,0,#DIV/0!,0.0,0.0
28,Columbia & Greene Counties PUMA,295,277,18,33387.79661016949,35992.779783393504,-6700.0,145,127,18,24106.206896551725,28472.44094488189,-6700.0,150,150,0,42360.0,42360.0,0.0,0,0,0,#DIV/0!,0.0,0.0
29,NYC-Brooklyn Community District 2--Brooklyn Heights & Fort Greene PUMA,3221,1366,1855,108020.14591741696,91908.56515373352,119884.52291105122,2682,1088,1594,117773.2624906786,95515.7169117647,132965.36386449184,463,202,261,61868.2505399568,90128.71287128713,39996.16858237548,76,76,0,45000.0,45000.0,0.0
30,"NYC-Queens Community District 8--Briarwood, Fresh Meadows & Hillcrest PUMA",16338,10394,5944,62220.20504345697,64593.19992303252,58070.65780619112,7745,4592,3153,78693.31439638477,78841.76829268293,78477.10751665081,7559,5384,2175,50115.676676809104,54612.24368499257,38984.864367816095,1034,418,616,27320.68665377176,36622.00956937799,21009.074675324675
31,Monroe County (North & West) PUMA,139,53,86,44906.474820143885,48000.0,43000.0,0,0,0,#DIV/0!,0.0,0.0,139,53,86,44906.474820143885,48000.0,43000.0,0,0,0,#DIV/0!,0.0,0.0
32,Schenectady County--Schenectady City PUMA,2689,1503,1186,50352.99367794719,52266.93280106454,47927.48735244519,1268,701,567,75833.59621451104,72980.02853067048,79361.55202821869,1364,745,619,27950.879765395894,35276.5100671141,19134.087237479805,57,57,0,19600.0,19600.0,0.0
33,"Rockland County (West)--Spring Valley, Suffern Villages & Monsey PUMA",5504,2501,3003,44793.13226744186,48924.11035585766,41352.71395271395,1528,762,766,52056.41361256545,46819.16010498688,57266.318537859006,2732,1114,1618,49040.99560761347,57141.831238779174,43463.53522867738,1244,625,619,26542.765273311896,36843.2,16142.48788368336
34,Niagara County (North & East) PUMA,215,91,124,57230.232558139534,75362.63736263737,43923.3870967742,168,75,93,62500.0,78000.0,50000.0,20,0,20,39000.0,0.0,39000.0,27,16,11,37944.444444444445,63000.0,1500.0
35,Suffolk County (Central)--Brookhaven Town (Central) PUMA,2589,1938,651,49260.33217458478,54518.059855521155,33608.29493087558,544,466,78,91948.5294117647,93948.49785407726,80000.0,1713,1472,241,40845.30064214828,42035.32608695652,33576.763485477175,332,0,332,22731.927710843374,0.0,22731.927710843374
36,Suffolk County (East) PUMA,6209,3709,2500,43331.77645353519,49644.59423025074,33966.08,802,348,454,61739.40149625935,78491.37931034483,48898.67841409692,3686,2160,1526,39854.530656538256,50270.74074074074,25110.747051114024,1721,1201,520,42201.16211504939,40159.86677768526,46915.769230769234
37,Warren & Washington Counties PUMA,558,163,395,25583.154121863798,30000.0,23760.506329113923,277,0,277,12200.0,0.0,12200.0,247,129,118,39983.8056680162,30000.0,50898.30508474576,34,34,0,30000.0,30000.0,0.0
38,NYC-Queens Community District 6--Forest Hills & Rego Park PUMA,15795,6551,9244,76447.4188034188,79927.035567089,73981.49826914756,12055,4828,7227,85246.89174616341,91529.37241093621,81049.87823439878,3685,1723,1962,48573.73134328358,47416.250725478814,49590.214067278284,55,0,55,15300.0,0.0,15300.0
39,"NYC-Brooklyn Community District 9--Crown Heights South, Prospect Lefferts & Wingate PUMA",4363,1935,2428,58504.996561998625,59981.912144702845,57327.96540362438,1770,402,1368,70477.57062146893,64686.567164179105,72179.31286549708,2146,1197,949,55245.10717614166,67568.92230576441,39700.737618545834,447,336,111,26747.203579418343,27324.404761904763,25000.0
40,Westchester County (Central)--White Plains City PUMA,11611,6997,4614,102150.42631986909,122099.0424467629,71898.91634156914,6051,3518,2533,149864.00594942985,190299.03354178512,93705.13225424397,4703,3076,1627,52547.62917286838,54715.21456436931,48449.60049170252,857,403,454,37467.911318553095,41069.47890818858,34270.92511013216
41,"NYC-Bronx Community District 1 & 2--Hunts Point, Longwood & Melrose PUMA",10242,5994,4248,31577.738722905684,31492.542542542542,31697.95197740113,2500,1107,1393,36452.88,34464.85998193315,38032.73510409189,5878,3275,2603,31811.126233412724,33302.13740458015,29935.190165194006,1864,1612,252,24303.21888412017,25774.937965260546,14888.888888888889
42,Erie County (North Central) PUMA,2870,1481,1389,117748.98606271777,82911.20864280891,154894.2332613391,2175,1090,1085,142591.53563218392,97283.02752293578,188108.83870967742,393,304,89,58412.21374045801,46236.84210526316,100000.0,302,87,215,16049.668874172185,31000.0,10000.0
43,Chautauqua County PUMA,533,294,239,82555.34709193246,24812.92517006803,153585.7740585774,326,87,239,121938.65030674846,35000.0,153585.7740585774,152,152,0,20000.0,20000.0,0.0,55,55,0,22000.0,22000.0,0.0
44,Dutchess County (Southwest) PUMA,4857,2996,1861,54664.21247683755,60037.182910547395,46014.33637829124,1760,1035,725,80237.13636363637,91836.7149758454,63677.737931034484,2713,1759,954,41142.911905639514,44074.13303013075,35738.28092243186,384,202,182,32984.375,36108.91089108911,29516.483516483517
45,Westchester County (Southeast) PUMA,7841,6044,1797,63825.82068613697,55734.80476505625,91039.00946021147,3196,2344,852,104728.14768460576,92353.90784982935,138771.8309859155,3546,2732,814,35041.03214890017,31754.02635431918,46073.09582309582,1099,968,131,37753.958143767064,34743.38842975206,60000.0
46,Rockland County (North)--New City & Congers PUMA,9082,4694,4388,63389.06077956397,69576.23561994034,56770.419325433,4223,2346,1877,79909.05754203173,85354.96589940324,73102.39744272776,4270,1810,2460,52159.36768149883,62159.17127071823,44801.78861788618,589,538,51,26354.83870967742,25724.907063197024,33000.0
47,NYC-Staten Island Community District 2--New Springville & South Beach PUMA,4341,2609,1732,89716.76802580051,107422.51820620928,63045.692840646654,3159,2182,977,100826.18866729978,111416.75068744272,77173.57215967246,1104,349,755,62995.07246376811,102435.53008595988,44763.65562913907,78,78,0,18000.0,18000.0,0.0
48,Suffolk County (Southwest)--Islip Town (South) PUMA,1697,1393,304,71662.93459045375,69843.5032304379,80000.0,909,605,304,80665.56655665567,81000.0,80000.0,561,561,0,80003.56506238859,80003.56506238859,0.0,227,227,0,15000.0,15000.0,0.0
49,Erie County (West Central)--Buffalo City (East) PUMA,1698,1078,620,36532.9210836278,28592.671614100185,50338.709677419356,549,345,204,52844.62659380692,40323.76811594203,74019.60784313726,1149,733,416,28739.077458659704,23071.214188267393,38725.96153846154,0,0,0,#DIV/0!,0.0,0.0
50,Wayne & Seneca Counties PUMA,467,78,389,45874.73233404711,80000.0,39032.13367609255,78,78,0,80000.0,80000.0,0.0,389,0,389,39032.13367609255,0.0,39032.13367609255,0,0,0,#DIV/0!,0.0,0.0
51,Monroe County (South) PUMA,3481,1972,1509,87790.49123814996,83151.4705882353,93852.88270377733,2648,1337,1311,102732.09969788519,102487.35976065819,102981.69336384439,497,436,61,47911.67002012073,43841.97247706422,77000.0,336,199,137,29023.809523809523,39366.83417085427,14000.0
52,Tompkins County PUMA,1998,813,1185,35899.3993993994,45971.70971709717,28989.02953586498,867,464,403,50034.60207612457,57775.862068965514,41121.58808933003,1131,349,782,25063.66047745358,30277.936962750715,22736.572890025574,0,0,0,#DIV/0!,0.0,0.0
53,Suffolk County (South Central)--Brookhaven Town (South) PUMA,5615,3170,2445,57798.17453250223,63756.861198738174,50072.597137014316,977,680,297,72655.73183213921,74477.42647058824,68484.84848484848,2412,905,1507,66089.05472636817,95469.39226519337,48445.255474452555,2226,1585,641,42293.48607367475,41050.34700315457,45367.39469578783
54,"Otsego, Schoharie, Oneida (South) & Herkimer (South) Counties PUMA",330,84,246,48141.21212121212,70190.47619047618,40612.19512195122,166,58,108,56184.33734939759,83724.13793103448,41394.444444444445,164,26,138,40000.0,40000.0,40000.0,0,0,0,#DIV/0!,0.0,0.0
55,NYC-Manhattan Community District 8--Upper East Side PUMA,10845,4519,6326,119587.4836330106,147857.71188316,99392.54821372115,9369,3913,5456,129702.38659408689,162238.43598262203,106367.78958944282,1476,606,870,55382.52032520325,55000.0,55648.96551724138,0,0,0,#DIV/0!,0.0,0.0
56,"NYC-Manhattan Community District 1 & 2--Battery Park City, Greenwich Village & Soho PUMA",3980,1190,2790,119349.24623115578,168623.94957983194,98332.43727598566,3775,985,2790,120435.76158940398,183043.14720812184,98332.43727598566,205,205,0,99341.46341463414,99341.46341463414,0.0,0,0,0,#DIV/0!,0.0,0.0
57,"NYC-Manhattan Community District 12--Washington Heights, Inwood & Marble Hill PUMA",21130,13689,7441,42607.95362044487,43978.942946891664,40085.78282488913,7556,3352,4204,57507.00238221281,63919.898568019096,52393.7702188392,11651,8521,3130,34472.91648785512,38984.74944255369,22190.06389776358,1923,1816,107,33353.71814872595,30605.286343612333,80000.0
58,NYC-Brooklyn Community District 18--Canarsie & Flatlands PUMA,11353,5772,5581,63841.50444816348,69054.53915453916,58450.062712775485,4247,2001,2246,101722.39227690134,114544.62768615692,90298.84238646482,6351,3148,3203,41401.88946622579,45119.44091486658,37748.17358726194,755,623,132,39515.496688741725,43889.2455858748,18872.727272727272
59,"NYC-Bronx Community District 12--Wakefield, Williamsbridge & Woodlawn PUMA",7163,3805,3358,51551.48959932989,43919.973718791065,60198.87432995831,2624,909,1715,77729.34451219512,74557.31573157315,79410.61224489796,3503,2428,1075,35986.268912360836,34076.482701812194,40299.72093023256,1036,468,568,37878.01158301158,35481.19658119658,39852.85211267605
60,Suffolk County (Central)--Islip Town (Northwest) PUMA,18083,10231,7852,54103.479511143065,60241.95288828071,46105.17065715741,2434,1167,1267,61111.05176663928,64921.85089974293,57601.02604577743,11425,6505,4920,48538.96892778994,52759.63412759416,42958.59756097561,4224,2559,1665,65116.28787878788,77127.86244626807,46655.25525525526
61,"NYC-Queens Community District 14--Far Rockaway, Breezy Point & Broad Channel PUMA",8223,4970,3253,49538.61121245287,47690.865191146884,52361.63541346449,4421,2441,1980,58943.85885546257,56697.99262597296,61712.62626262626,3345,2529,816,41103.49775784753,38997.15302491103,47631.617647058825,457,0,457,20293.216630196937,0.0,20293.216630196937
62,Saratoga County (South & Central) PUMA,1308,1210,98,105852.59938837921,109516.69421487603,60612.244897959186,1083,985,98,119825.8541089566,125717.1573604061,60612.244897959186,183,183,0,36895.08196721312,36895.08196721312,0.0,42,42,0,46000.0,46000.0,0.0
63,Cattaraugus & Allegany Counties PUMA,187,119,68,101497.32620320856,145378.1512605042,24705.882352941175,119,119,0,145378.1512605042,145378.1512605042,0.0,68,0,68,24705.882352941175,0.0,24705.882352941175,0,0,0,#DIV/0!,0.0,0.0
64,Genesee & Orleans Counties PUMA,365,365,0,104202.46575342465,104202.46575342465,0.0,0,0,0,#DIV/0!,0.0,0.0,365,365,0,104202.46575342465,104202.46575342465,0.0,0,0,0,#DIV/0!,0.0,0.0
65,Cayuga & Onondaga (South) Counties PUMA,592,375,217,34881.75675675676,32666.666666666668,38709.67741935484,174,111,63,48735.63218390805,42342.342342342345,60000.0,372,218,154,28588.709677419356,27591.743119266055,30000.0,46,46,0,33369.565217391304,33369.565217391304,0.0
66,Sullivan & Ulster (West) Counties PUMA,1746,1028,718,45060.595647193586,52983.07392996109,33717.54874651811,502,109,393,26544.22310756972,25757.798165137614,26762.340966921118,744,419,325,42288.44086021505,42412.88782816229,42128.0,500,500,0,67776.0,67776.0,0.0
67,"NYC-Bronx Community District 7--Bedford Park, Fordham North & Norwood PUMA",11429,8096,3333,35410.46110770846,38304.22430830039,28381.38613861386,3271,1895,1376,46553.71446040966,51735.197889182054,39417.87790697674,7215,5854,1361,31135.848925848924,32908.746156474204,23510.17634092579,943,347,596,29463.2131495228,55979.827089337174,14024.848993288591
68,Suffolk County (Central)--Brookhaven Town (West Central) PUMA,4744,3005,1739,57909.39713322091,68842.16306156406,39017.52731454859,2052,1205,847,84583.90838206628,111563.23651452283,46201.275088547816,1871,1336,535,42791.55531801176,44563.622754491014,38366.35514018692,821,464,357,25691.83922046285,27801.724137931036,22949.579831932773
69,NYC-Queens Community District 1--Astoria & Long Island City PUMA,11950,6585,5365,62687.640167364014,66077.84358390281,58526.50512581547,6085,3548,2537,82192.53903040262,82359.8083427283,81958.61253448956,4928,2451,2477,44249.79707792208,49214.72868217054,39336.98021800565,937,586,351,32991.141942369264,38028.49829351536,24581.196581196582
70,Jefferson & Lewis Counties PUMA,765,403,362,43487.450980392154,40000.24813895782,47369.613259668506,452,131,321,49172.12389380531,44709.923664122136,50993.14641744548,313,272,41,35278.274760383385,37731.98529411765,19000.0,0,0,0,#DIV/0!,0.0,0.0
71,Nassau County (West Central)--Hempstead Town (Northwest) PUMA,10262,6249,4013,76348.90469694017,66250.27044327093,92074.38823822577,4823,2130,2693,106453.77980510057,89624.39436619719,119764.80505012997,4075,3008,1067,46836.82944785276,50083.4375,37684.25492033739,1364,1111,253,58068.768328445745,65208.82088208821,26714.624505928852
72,Nassau County (Central)--Hempstead Town (North Central)--Meadowbrook Corridor PUMA,12507,7028,5479,61132.73207004078,55131.77290836653,68830.25734623107,2604,1141,1463,80464.77726574501,65619.28133216477,92042.84347231715,6813,3155,3658,54432.80493174813,43885.07131537243,63530.15308911974,3090,2732,358,59613.62459546926,63739.78770131771,28125.698324022345
73,Orange County (Northeast)--Greater Newburgh City PUMA,4141,2608,1533,54359.212750543345,56046.89417177914,51488.0626223092,1492,567,925,53410.99195710456,49476.19047619047,55822.91891891892,2349,1741,608,57433.92933163048,61813.49798966111,44893.09210526316,300,300,0,35000.0,35000.0,0.0
74,"NYC-Bronx Community District 11--Pelham Parkway, Morris Park & Laconia PUMA",5676,3010,2666,51142.25863284003,46966.199335548175,55857.16429107277,2476,925,1551,61975.60581583199,56594.37837837838,65184.91295938104,2049,1294,755,48800.6149341142,47753.52395672334,50595.23178807947,1151,791,360,32006.42919200695,34418.96333754741,26705.555555555555
75,"NYC-Queens Community District 12--Jamaica, Hollis & St. Albans PUMA",12633,8403,4230,51099.47597561941,52866.28347018922,47589.66903073286,4059,2758,1301,59239.78812515398,62384.19144307469,52573.943120676406,6541,4143,2398,52449.70188044642,54550.784455708425,48819.68306922435,2033,1502,531,30502.64633546483,30742.929427430092,29822.975517890773
76,Erie County (Central) PUMA,810,644,166,32660.123456790123,27324.068322981366,53361.44578313253,245,79,166,55502.04081632653,60000.0,53361.44578313253,565,565,0,22755.221238938055,22755.221238938055,0.0,0,0,0,#DIV/0!,0.0,0.0
77,"NYC-Staten Island Community District 1--Port Richmond, Stapleton & Mariner's Harbor PUMA",13138,7291,5847,53418.92829958898,52993.13948703882,53949.87172909184,6215,2727,3488,65524.05148833468,63018.03447011368,67483.31422018349,5341,3521,1820,47716.794607751355,53119.08548707754,37265.43956043956,1582,1043,539,25114.09608091024,26357.14285714286,22708.719851576996
78,"NYC-Brooklyn Community District 15--Sheepshead Bay, Gerritsen Beach & Homecrest PUMA",7195,3422,3773,55861.570535093815,54205.08474576271,57363.95441293401,3373,1396,1977,73678.20930922028,80794.69914040115,68653.11077389985,3031,1331,1700,41213.13097987463,38120.21036814425,43634.705882352944,791,695,96,36018.20480404551,31600.575539568345,68000.0
79,"NYC-Bronx Community District 8--Riverdale, Fieldston & Kingsbridge PUMA",7644,4561,3083,50195.48927263213,55331.094058320545,42597.85922802465,3178,1508,1670,68555.63247325362,85433.68700265251,53314.850299401194,3416,2512,904,40145.34543325527,42740.20700636943,32934.845132743365,1050,541,509,27321.92380952381,29884.879852125694,24597.838899803537
80,NYC-Brooklyn Community District 5--East New York & Starrett City PUMA,16051,8391,7660,53667.61697090524,52785.844357049216,54633.53785900783,1952,836,1116,59867.18237704918,59778.397129186604,59933.691756272405,11254,5991,5263,56081.99751199574,56897.913536972126,55153.220596617895,2845,1564,1281,39863.40246045694,33296.598465473144,47880.95238095238
81,Onondaga County (Central)--Syracuse City (Outer) PUMA,1136,503,633,110229.53345070423,118179.92047713717,103911.92733017377,928,383,545,118715.24784482758,131520.88772845952,109716.05504587156,118,30,88,59330.50847457627,34000.0,67965.90909090909,90,90,0,89466.66666666667,89466.66666666667,0.0
82,"NYC-Manhattan Community District 6--Murray Hill, Gramercy & Stuyvesant Town PUMA",8663,4842,3821,151547.7132633037,176274.44031391985,120213.81837215388,7708,4021,3687,161782.15360664245,201390.1616513305,118586.11337130459,955,821,134,68943.4554973822,53265.52984165651,165000.0,0,0,0,#DIV/0!,0.0,0.0
83,"Chenango, Delaware & Broome (East) Counties PUMA",148,95,53,255901.35135135136,382600.0,28800.0,72,19,53,38352.77777777778,65000.0,28800.0,0,0,0,#DIV/0!,0.0,0.0,76,76,0,462000.0,462000.0,0.0
84,Orange County (Northwest) PUMA,4755,2692,2063,52930.68349106204,65093.610698365526,37059.33107125545,1349,688,661,112157.37583395107,165723.83720930232,56402.87443267776,3342,2004,1338,29309.724715739078,30545.908183632735,27458.221225710015,64,0,64,38000.0,0.0,38000.0
85,NYC-Brooklyn Community District 7--Sunset Park & Windsor Terrace PUMA,8639,4377,4262,52921.34737816877,50246.196024674435,55668.68137024871,3611,1393,2218,77352.1185267239,76331.8736539842,77992.87646528403,2973,1717,1256,36041.984527413384,44261.56086196855,24805.509554140128,2055,1267,788,34411.77615571776,29676.558800315706,42025.3807106599
86,Nassau County (Northeast)--Oyster Bay Town (North) & Glen Cove City PUMA,5273,3046,2227,115607.60098615589,122685.90938936309,105926.17871576111,3610,1719,1891,146090.3268698061,176103.71146015124,118806.87466948705,1300,964,336,56198.307692307695,64132.78008298755,33433.92857142857,363,363,0,25220.38567493113,25220.38567493113,0.0
87,Dutchess County (North & East) PUMA,2189,1678,511,65441.66285975331,59170.917759237185,86033.26810176125,481,178,303,157709.7713097713,232640.44943820225,113691.08910891089,869,661,208,47428.99884925201,47959.45537065053,45743.269230769234,839,839,0,31200.953516090583,31200.953516090583,0.0
88,Putnam County PUMA,2909,1475,1434,67788.71777243039,72294.64406779662,63153.960948396096,1409,672,737,85032.64726756566,103443.45238095238,68245.59023066486,1141,478,663,61978.965819456615,65355.648535564855,59544.49472096531,359,325,34,18574.874651810584,18094.153846153848,23170.0
89,Albany County (Outside Albany City) PUMA,4878,2394,2484,77460.29315293152,80828.62155388472,74214.00563607085,3956,2022,1934,84592.3432760364,89061.68150346192,79919.64322647364,684,187,497,49269.005847953216,32000.0,55766.59959758551,238,185,53,39932.773109243695,40200.0,39000.0
90,"NYC-Bronx Community District 10--Co-op City, Pelham Bay & Schuylerville PUMA",3895,2329,1566,64838.1514762516,71297.20910261915,55232.05619412516,1729,1611,118,83580.68247541932,77268.77715704532,169754.2372881356,1551,536,1015,60043.778207608,63406.71641791045,58267.881773399014,615,182,433,24236.91056910569,41676.92307692308,16906.466512702078
91,NYC-Queens Community District 4--Elmhurst & South Corona PUMA,26847,17729,9118,41016.49420791895,44774.6686220317,33709.11603421803,6899,5177,1722,56843.397593854184,55529.18678771489,60794.425087108015,14610,8222,6388,35580.83641341547,41656.20287034785,27761.22730118973,5338,4330,1008,35438.59123267141,37837.921478060045,25131.944444444445
92,"NYC-Brooklyn Community District 12--Borough Park, Kensington & Ocean Parkway PUMA",4251,2763,1488,54377.25241119737,41494.498733260945,78298.6559139785,1694,1063,631,84980.10625737898,59897.93038570085,127234.23137876387,1816,1135,681,34007.15859030837,30998.942731277533,39020.851688693096,741,565,176,34337.92172739541,27953.982300884956,54831.818181818184
93,Nassau County (Southeast)--Oyster Bay Town (South) PUMA,1041,765,276,74483.47742555235,65724.5751633987,98760.86956521739,890,614,276,80792.13483146067,72714.98371335505,98760.86956521739,151,151,0,37300.0,37300.0,0.0,0,0,0,#DIV/0!,0.0,0.0
94,Suffolk County (Northwest)--Huntington Town (South) PUMA,3490,1775,1715,112109.97134670487,136685.18309859154,86674.98542274053,2567,1485,1082,137139.85196727698,151845.92592592593,116956.37707948244,818,185,633,35758.92420537897,38648.64864864865,34914.37598736177,105,105,0,95000.0,95000.0,0.0
95,Oswego County PUMA,0,0,0,#DIV/0!,0.0,0.0,0,0,0,#DIV/0!,0.0,0.0,0,0,0,#DIV/0!,0.0,0.0,0,0,0,#DIV/0!,0.0,0.0
96,Rensselaer County--Troy City PUMA,1692,1063,629,53904.55082742317,57410.63029162747,47979.33227344992,1491,897,594,56268.611670020124,60728.53957636566,49533.67003367003,166,166,0,39481.927710843374,39481.927710843374,0.0,35,0,35,21600.0,0.0,21600.0
97,Saratoga County (Outer) PUMA,522,376,146,98464.36781609195,113400.0,60000.0,376,376,0,113400.0,113400.0,0.0,146,0,146,60000.0,0.0,60000.0,0,0,0,#DIV/0!,0.0,0.0
98,Herkimer (North & Central) & Oneida (Outer) Counties PUMA,275,0,275,70977.81818181818,0.0,70977.81818181818,0,0,0,#DIV/0!,0.0,0.0,0,0,0,#DIV/0!,0.0,0.0,275,0,275,70977.81818181818,0.0,70977.81818181818
99,Monroe County (East) PUMA,1035,625,410,102230.14492753622,92826.56,116564.87804878049,906,496,410,110378.80794701987,105265.32258064517,116564.87804878049,129,129,0,45000.0,45000.0,0.0,0,0,0,#DIV/0!,0.0,0.0
100,"NYC-Queens Community District 13--Queens Village, Cambria Heights & Rosedale PUMA",18398,9954,8444,69445.99739102076,64007.1679726743,75857.42657508289,8648,4554,4094,88617.21901017576,88178.39262187088,89105.35173424524,8810,4663,4147,54451.78206583428,45211.10872828651,64842.24740776465,940,737,203,33601.64893617021,33573.337856173675,33704.43349753695
101,Erie County (South) PUMA,134,134,0,77000.0,77000.0,0.0,134,134,0,77000.0,77000.0,0.0,0,0,0,#DIV/0!,0.0,0.0,0,0,0,#DIV/0!,0.0,0.0
102,Monroe County (Central)--Greece & Gates Towns PUMA,1198,696,502,73176.46076794658,78453.0172413793,65860.75697211156,902,454,448,79472.72727272728,91612.99559471366,67169.86607142857,256,202,54,43675.78125,40648.514851485146,55000.0,40,40,0,120000.0,120000.0,0.0
103,NYC-Manhattan Community District 7--Upper West Side & West Side PUMA,9114,5507,3607,244776.2716699583,275317.7483203196,198146.96423620736,7661,4166,3495,284345.5475786451,352677.66202592413,202894.44921316166,1037,925,112,33466.44165863067,31464.54054054054,50000.0,416,416,0,42824.519230769234,42824.519230769234,0.0
104,NYC-Manhattan Community District 11--East Harlem PUMA,6684,3183,3501,40535.65230400958,34963.58781024191,45601.599542987715,2456,971,1485,63713.477198697066,56484.55200823893,68440.26936026936,2908,1094,1814,27608.459422283355,24047.531992687385,29756.00882028666,1320,1118,202,25889.848484848484,26954.02504472272,20000.0
105,"NYC-Queens Community District 7--Flushing, Murray Hill & Whitestone PUMA",24160,13325,10835,56408.16804635762,51499.980487804874,62444.31010613752,9272,4003,5269,75116.05263157895,66405.05620784411,81734.02922755742,12236,7526,4710,44721.79633867277,49063.27398352378,37784.64968152866,2652,1796,856,44920.58823529412,28489.755011135858,79394.6261682243
106,NYC-Brooklyn Community District 1--Greenpoint & Williamsburg PUMA,5987,3269,2718,68876.7730081844,82829.5931477516,52095.40103016924,3574,1828,1746,63170.78903189703,62308.97155361051,64073.08132875143,1767,1177,590,94932.1675155631,123185.33559898045,38569.49152542373,646,264,382,29176.006191950466,45000.0,18240.052356020944
107,Onondaga County (North) PUMA,1554,920,634,65072.393822393824,80091.95652173914,43277.44479495268,566,415,151,94077.9151943463,108956.86746987952,53185.43046357616,557,259,298,55061.40035906643,89680.30888030888,24973.154362416106,431,246,185,39919.25754060325,21302.032520325203,64675.13513513513
108,NYC-Brooklyn Community District 14--Flatbush & Midwood PUMA,8110,4998,3112,49113.24907521578,49175.48019207683,49013.30334190231,2338,818,1520,71253.67835757058,78950.48899755502,67111.57894736843,4073,3393,680,42656.714952123744,43802.12201591512,36941.470588235294,1699,787,912,34123.92583872866,41393.8373570521,27850.43859649123
109,"Rockland County (South)--Orangetown, Clarkstown (South) & Ramapo (Southeast) Towns PUMA",3508,1682,1826,60077.55131128848,61524.73246135553,58744.49616648412,1278,286,992,81906.92488262912,104743.35664335664,75323.03427419355,1999,1165,834,51330.665332666336,60139.91416309013,39025.17985611511,231,231,0,15000.0,15000.0,0.0
110,NYC-Brooklyn Community District 13--Brighton Beach & Coney Island PUMA,3603,2272,1331,51649.02581182348,49967.623239436616,54519.15852742299,1319,932,387,78517.3919636088,60801.974248927036,121180.87855297158,1706,924,782,40265.53341148886,50070.34632034632,28680.306905370842,578,416,162,23934.256055363323,25466.346153846152,20000.0
111,"NYC-Bronx Community District 4--Concourse, Highbridge & Mount Eden PUMA",11343,5064,6279,36147.441593934585,38988.34913112164,33856.255773212295,3712,1159,2553,39606.25808189655,39596.203623813635,39610.822561692126,6206,3148,3058,34674.39574605221,38870.71156289708,30354.57815565729,1425,757,668,33552.771929824565,38546.895640686926,27893.263473053892
112,Erie County (Northeast) PUMA,471,275,196,84772.8237791932,81400.0,89505.10204081633,391,195,196,95979.53964194373,102487.17948717948,89505.10204081633,80,80,0,30000.0,30000.0,0.0,0,0,0,#DIV/0!,0.0,0.0
113,NYC-Brooklyn Community District 8--Crown Heights North & Prospect Heights PUMA,3273,2377,896,55754.84265200122,52641.69120740429,64013.72767857143,1704,1287,417,68527.5821596244,59967.754467754465,94946.04316546762,989,657,332,42204.44893832154,47073.05936073059,32569.87951807229,580,433,147,41335.1724137931,39315.93533487298,47282.99319727891
114,NYC-Queens Community District 3--Jackson Heights & North Corona PUMA,25533,15832,9701,50337.6818235225,52415.61647296615,46946.49932996598,4871,1615,3256,92848.7168959146,126214.05572755418,76299.2628992629,14527,9517,5010,38659.7459902251,42684.49511400652,31014.329341317367,6135,4700,1435,44237.294213528934,46761.70212765958,35969.19860627178
115,Fulton & Montgomery Counties PUMA,292,292,0,660000.0,660000.0,0.0,292,292,0,660000.0,660000.0,0.0,0,0,0,#DIV/0!,0.0,0.0,0,0,0,#DIV/0!,0.0,0.0
116,Niagara County (Southwest)--Greater Niagara Falls & North Tonawanda Area PUMA,936,582,354,51425.21367521367,50127.147766323025,53559.32203389831,435,435,0,64701.14942528736,64701.14942528736,0.0,365,147,218,45821.91780821918,7000.0,72000.0,136,0,136,24000.0,0.0,24000.0
117,"Steuben (North & West), Schuyler & Chemung (North) Counties PUMA",564,459,105,35076.24113475177,34703.7037037037,36704.76190476191,122,75,47,80000.0,92666.66666666667,59787.234042553195,0,0,0,#DIV/0!,0.0,0.0,442,384,58,22676.470588235294,23382.8125,18000.0
118,NYC-Brooklyn Community District 4--Bushwick PUMA,6974,3888,3086,43995.64095210783,49224.79423868313,37407.51782242385,1597,725,872,59390.73262366938,78920.0,43153.66972477064,4145,2302,1843,43316.13992762364,47747.95829713293,37780.57514921324,1232,861,371,26325.64935064935,28168.64111498258,22048.517520215635
119,"NYC-Manhattan Community District 4 & 5--Chelsea, Clinton & Midtown Business District PUMA",9682,4701,4981,141875.82317702955,168342.522867475,116896.91226661313,8106,3471,4635,153888.04835924006,196201.67098818783,122200.7594390507,1409,1157,252,83027.11142654365,93493.69057908384,34972.22222222222,167,73,94,55329.341317365266,30000.0,75000.0
120,"NYC-Brooklyn Community District 6--Park Slope, Carroll Gardens & Red Hook PUMA",4467,2415,2052,74510.56995746586,70643.33581780539,79061.92007797271,3256,1753,1503,84352.1855036855,69877.72732458642,101234.2381902861,1088,662,426,50090.07352941176,72670.69486404833,15000.0,123,0,123,30000.0,0.0,30000.0
121,NYC-Brooklyn Community District 3--Bedford-Stuyvesant PUMA,4545,2889,1656,51385.87458745875,42915.230183454485,66163.46618357488,2118,1187,931,69469.73559962229,56169.587194608255,86427.06766917293,2232,1620,612,34855.24193548387,34312.83950617284,36291.013071895424,195,82,113,44179.48717948718,21000.0,61000.0
122,NYC-Queens Community District 10--Howard Beach & Ozone Park PUMA,9339,5479,3860,65788.41203554985,75470.17703960577,52045.82383419689,4307,2144,2163,65840.86371023915,75190.57835820895,56573.277854831256,3671,2276,1395,52822.658676110055,53641.520210896306,51486.6523297491,1361,1059,302,100594.7097722263,122950.33050047215,22201.98675496689
123,Suffolk County (Northwest)--Huntington Town (North) PUMA,2345,1774,571,64465.28784648188,67913.81059751972,53751.31348511384,449,344,105,67516.70378619153,64651.16279069767,76904.76190476191,1591,1125,466,59130.16970458831,63519.2,48534.3347639485,305,305,0,87803.27868852459,87803.27868852459,0.0
124,Orange County (Southeast) PUMA,4063,2045,2018,70426.16293379276,74589.97555012225,66206.64023785926,2854,1584,1270,78949.36930623685,74613.95202020202,84356.69291338582,694,399,295,68723.34293948127,78315.78947368421,55749.15254237288,515,62,453,25487.3786407767,50000.0,22132.450331125827
125,Nassau County (East Central)--Oyster Bay Town (Central) PUMA,9824,5775,4049,81072.28216612378,79511.68831168831,83298.1229933317,6140,2880,3260,91756.62866449512,89792.56944444444,93491.74846625768,2821,2167,654,65435.09393831975,74114.62851868944,36675.840978593274,863,728,135,56171.49478563152,54905.21978021978,63000.0
126,Suffolk County (Northwest)--Smithtown Town PUMA,2259,1240,1019,83669.89818503763,84832.25806451614,82255.44651619234,1674,894,780,93826.94145758662,92317.67337807607,95556.79487179487,585,346,239,54605.1282051282,65491.329479768785,38845.18828451883,0,0,0,#DIV/0!,0.0,0.0
127,"NYC-Brooklyn Community District 17--East Flatbush, Farragut & Rugby PUMA",7135,3535,3600,43423.55430974071,42794.992927864216,44040.76666666667,1550,801,749,69646.51612903226,49599.87515605493,91084.9132176235,4617,2527,2090,39020.30755902101,43242.50098931539,33915.29186602871,968,207,761,22436.15702479339,11000.0,25546.911957950066
128,"NYC-Bronx Community District 9--Castle Hill, Clason Point & Parkchester PUMA",15888,9466,6422,48638.22696374622,51289.11366997676,44730.83151666148,5494,3286,2208,59727.1386967601,58172.702373706634,62040.489130434784,8047,4647,3400,45808.742388467756,54296.09425435765,34208.529411764706,2347,1533,814,32381.891776736258,27418.98238747554,41728.50122850123
129,NYC-Queens Community District 9--Richmond Hill & Woodhaven PUMA,15322,9350,5972,56024.67824043859,54303.916577540105,58718.770931011386,6727,3860,2867,72737.02244685596,69816.61917098446,76668.9222183467,7020,4176,2844,45328.25783475784,47055.95545977011,42791.38537271449,1575,1314,261,32319.873015873014,31768.49315068493,35095.78544061303
130,Westchester County (Southwest)--Yonkers City PUMA,15238,10064,5174,50512.88292426828,50227.26053259141,51068.44994201778,5264,3084,2180,68771.3164893617,65503.64785992218,73394.01834862385,7059,4466,2593,42777.34806629834,46914.93506493507,35651.06054762823,2915,2514,401,36273.68782161235,37371.4399363564,29391.52119700748
131,Broome (Outer West) & Tioga Counties PUMA,285,181,104,45049.47368421053,36790.60773480663,59423.07692307692,104,0,104,59423.07692307692,0.0,59423.07692307692,144,144,0,40000.0,40000.0,0.0,37,37,0,24300.0,24300.0,0.0
132,NYC-Brooklyn Community District 10--Bay Ridge & Dyker Heights PUMA,6896,3701,3195,72733.23665893271,72306.9035395839,73227.08920187794,3483,1801,1682,102826.81596325008,100158.49528039977,105683.9179548157,2328,1293,1035,47016.28006872852,52007.57927300851,40780.77294685991,1085,607,478,31307.557603686637,32910.37891268534,29272.175732217573
133,"NYC-Queens Community District 5--Ridgewood, Glendale & Middle Village PUMA",12638,7607,5031,54452.54787149865,54733.1010911003,54028.34426555357,5742,3166,2576,68207.1926158133,63078.869235628554,74510.09316770187,5818,3652,2166,43712.75352354761,50578.58707557503,32136.56509695291,1078,789,289,39151.02040816326,40474.01774397972,35539.100346020765
134,NYC-Manhattan Community District 10--Central Harlem PUMA,8892,5492,3400,57794.69185784975,55675.327749453754,61218.08823529412,2877,1121,1756,79777.54605491832,93633.36306868868,70932.23234624146,4166,2735,1431,52050.74411905905,51593.74771480804,52924.17889587701,1849,1636,213,36531.638723634394,36489.60880195599,36854.46009389671
135,"NYC-Queens Community District 11--Bayside, Douglaston & Little Neck PUMA",14012,7736,6276,66467.00256922637,73593.27430196483,57682.930210325045,8133,3951,4182,76051.38940120497,83132.96633763604,69360.9756097561,4966,3424,1542,54320.45710833669,66025.96962616823,28328.450064850844,913,361,552,47156.95509309967,40959.27977839335,51210.14492753623
136,Erie County (Northwest) PUMA,368,267,101,76711.95652173914,47853.93258426966,153000.0,110,110,0,65063.63636363636,65063.63636363636,0.0,167,66,101,104389.22155688623,30000.0,153000.0,91,91,0,40000.0,40000.0,0.0
137,NYC-Queens Community District 2--Sunnyside & Woodside PUMA,22604,13676,8928,53479.11121925323,46771.437554840595,63753.993055555555,9783,5269,4514,62347.189001328836,60051.8884038717,65026.395657953035,9398,6089,3309,51089.974462651626,40102.180982098864,71308.97552130553,3423,2318,1105,34693.456032719834,34102.93356341674,35932.217194570134
138,Suffolk County (Southwest)--Babylon Town (Southeast) PUMA,3450,1923,1527,76231.27536231885,85160.63442537702,64986.24754420432,1128,401,727,125984.0425531915,182361.59600997507,94887.20770288858,1714,914,800,53063.30221703617,66410.83150984683,37813.75,608,608,0,49239.14473684211,49239.14473684211,0.0
139,"NYC-Staten Island Community District 3--Tottenville, Great Kills & Annadale PUMA",2416,1728,688,41994.20529801324,35497.68518518518,58311.04651162791,829,451,378,61158.02171290712,43569.84478935698,82142.85714285714,1092,782,310,32882.783882783886,34322.25063938619,29251.612903225807,495,495,0,30000.0,30000.0,0.0
140,Nassau County (West Central)--Hempstead Town (West Central) PUMA,8692,5085,3607,66862.02254947078,69858.03343166175,62638.36983642916,3852,1861,1991,88182.65316718588,97648.62976894144,79334.74635861376,4502,2886,1616,51558.22301199467,56872.48787248787,42067.52475247525,338,338,0,27721.89349112426,27721.89349112426,0.0
141,Nassau County (Central)--Hempstead Town (Northeast) PUMA,6227,3073,3154,89482.47952465071,81299.38171168239,97455.421686747,3993,1803,2190,114580.01502629602,103989.46200776484,123299.08675799087,1668,940,728,37918.70503597122,37411.70212765958,38573.35164835165,566,330,236,64383.39222614841,82342.42424242424,39271.186440677964
142,Nassau County (Southwest)--Hempstead Town (Southwest) & Long Beach City PUMA,3789,1994,1795,57023.46265505411,58490.77231695085,55393.48189415042,1631,882,749,85060.33108522379,100884.92063492064,66425.76769025368,1467,727,740,47283.23108384458,28972.627235213204,65272.16216216216,691,385,306,11525.325615050651,17109.090909090908,4500.0
143,NYC-Brooklyn Community District 11--Bensonhurst & Bath Beach PUMA,14896,9766,5130,57994.769065520944,52719.63956584067,68037.05263157895,6289,3612,2677,76122.59182699952,67297.53599114064,88029.98879342548,6866,4643,2223,47460.76318089135,47157.398233900494,48094.37696806118,1741,1511,230,34054.85353245262,34963.269358041034,28086.956521739132
144,Nassau County (South Central)--Hempstead Town (Southeast) PUMA,4026,2090,1936,67140.08941877795,54148.13397129186,81165.4958677686,1500,474,1026,99924.13333333333,87045.99156118144,105873.68421052632,2242,1332,910,48878.23371989295,45852.1021021021,53307.692307692305,284,284,0,38150.704225352114,38150.704225352114,0.0
145,Nassau County (West Central)--North Hempstead Town (South) PUMA,10373,6366,4007,79085.44104887689,90037.49607288721,61685.69503369104,6034,3674,2360,110347.34504474644,126679.36853565596,84921.98305084746,3032,1773,1259,37398.91160949868,42328.708403835306,30456.47339158062,1307,919,388,31464.345830145372,35592.92709466812,21685.567010309278
146,Capital Region,15341,8865,6476,486988.13276456215,514721.5128226004,358029.36596272327,9925,5561,4364,531409.1554316891,517746.1613815697,329312.49831417546,4754,2730,2024,335718.81562314834,253142.32316397404,230390.29626763717,662,574,88,198121.0543592437,176788.28125,60600.0
147,Central NY,5900,3436,2464,277148.88488447503,333324.13263797405,240151.9762306983,3363,1834,1529,344991.3135032808,394373.5516743167,286615.1545741959,1779,1153,626,166372.011953685,174409.66809864616,148236.73787192986,758,449,309,216854.58852376035,198075.577837219,95875.13513513513
148,Finger Lakes,9553,5746,3807,609167.081162388,637875.3128394517,501835.0476670121,5837,3420,2417,539076.7953042665,529171.4150136252,469651.09094940004,2787,1840,947,467762.2551669193,350596.5751292181,332532.13367609255,929,486,443,250696.16767060806,235968.6040823587,39070.58823529412
149,Long Island,140743,83558,57185,1832990.7159860274,1942657.5997473702,1670585.4795326376,57809,30746,27063,2377793.8380516125,2580394.498490998,2142072.9407446035,61712,37616,24096,1257352.5651626482,1308049.4214275498,963267.6227366119,21222,15196,6026,1009323.6462247326,980776.9745483967,482932.0437757401
150,Mid-Hudson,101691,60711,40980,1043576.8595546471,1111775.9829847857,977359.2564088135,40893,22786,18107,1508589.7987549156,1721909.4471000275,1333342.2583047096,47481,27959,19522,791121.7790102197,849293.5699925495,692437.6902814694,13317,9966,3351,619597.020302924,639910.6478600049,369839.55389486445
151,Mohawk Valley,2519,1568,951,839951.0894892202,775817.6573985298,214571.4086526066,1294,756,538,803587.4473972445,814628.078817734,144375.83979328166,596,458,138,69827.77777777778,69827.77777777778,40000.0,629,354,275,106895.89727786338,35918.0790960452,70977.81818181818
152,New York City,572545,329789,242756,3544657.099439062,3715446.73727922,3389747.0574621735,244407,122243,122164,4393123.159816363,4605665.873009649,4380397.985800016,258725,160097,98628,2609444.424450606,2846403.386817654,2246060.8249358153,69413,47449,21964,1778591.7198617875,1711680.562408511,1562699.521986037
153,North Country,1378,687,691,127257.13634728636,152566.07885996095,102387.60487580745,803,415,388,171403.08044942582,157275.7543851253,144799.1165666992,474,272,202,52613.2062672327,37731.98529411765,36334.931506849316,101,0,101,31831.68316831683,0.0,31831.68316831683
154,Southern Tier,5693,2961,2732,488325.56473946525,613594.6523981123,272407.5660504022,2584,1499,1085,397673.35359361576,384383.96903268126,409851.9925129041,1847,657,1190,119524.44479117906,82277.93696275071,65197.35720375106,1262,805,457,555397.5744843392,524103.9163961039,50000.0
155,Western NY,10992,6174,4818,758360.3311545838,695733.3796136845,805679.019661721,5561,3056,2505,960322.1023176651,882844.1473176042,655166.7837610114,3864,2677,1187,400290.0534931189,207312.00769119876,449815.48025503906,1567,441,1126,158446.26813033212,172400.0,54467.879581151836
